{"runtime_entity_id":"13774","flags":0,"position":{"x":-80.86687469482422,"y":53.45431137084961,"z":-28.88500213623047},"rotation":{"yaw":0,"pitch":133.59375,"head_yaw":133.59375}}